sample,CHROM,POS,REF,ALT,SYMBOL,Consequence,IMPACT,HGVSp,gnomAD_AF,rare,functional,in_panel
Sample_1,chr17,7670664,C,A,TP53,stop_gained,HIGH,p.Glu310*,,True,True,True
Sample_1,chr13,46715621,C,CCCTCAAGGCCCCCAACAGGAACCCACCTAATGATCACACAGTCCAGGAAGTCTGTTAGGCGGCCGTTCTGGGTGATGT,LRCH1,stop_gained&conservative_inframe_insertion,HIGH,p.Asp572_Ser573insProGlnGlyProGlnGlnGluProThrTerTerSerHisSerProGlySerLeuLeuGlyGlyArgSerGlyTerCys,,True,True,False
Sample_1,chr13,67227063,C,CT,PCDH9,frameshift_variant,HIGH,p.Glu460fs,,True,True,False
Sample_1,chr13,94601960,C,CTGGACAGGAGGGACCATCCACTCCATAGCCCTCACCTCCCTTACCATCAAGCTGCCCTACTGTGGTCCTGATGAGATTG,GPR180,frameshift_variant,HIGH,p.Thr12fs,,True,True,False
Sample_1,chr13,109100811,T,TCTCATATCAATCTGCTGGTAGTTAGAAGGATTCATGATCAAATTTGGGGGCTTTG,MYO16,frameshift_variant&stop_gained,HIGH,p.Arg1122fs,,True,True,False
Sample_1,chr13,110173978,G,GAGCTGCTCTGTTGTCTGCGTCATCGAGATCATCGAGGTCTTCTTCATTGACTTCTTCTCTATCATTGCCCGCC,COL4A1,frameshift_variant&stop_gained,HIGH,p.Pro1143fs,,True,True,False
Sample_1,chr13,113633988,GA,AG,TFDP1,stop_gained,HIGH,p.TrpIle191*,,True,True,False
Sample_1,chr13,113863704,C,CCTGGGCATGGTCTACCTCCGGATCGGGTAAGGGCTGCCTGCGCCCTTTCCGCGCGTGTTTCGACAA,GAS6,stop_gained&disruptive_inframe_insertion,HIGH,p.Leu42_Arg43insCysArgAsnThrArgGlyLysGlyAlaGlySerProTyrProIleArgArgTerThrMetProArg,,True,True,False
Sample_1,chr17,2371363,T,TCCTCCGGCTGACCTCGGGGGCTGGCTTGCTG,SGSM2,frameshift_variant&stop_gained,HIGH,p.Ser511fs,,True,True,False
Sample_1,chr17,2371367,G,GGGCTGGGGAGCCACCCGGGCGTGTGCCCCAAC,SGSM2,frameshift_variant,HIGH,p.Ser510fs,,True,True,False
Sample_1,chr17,3026435,G,GACTCACCTGAGAAAGTGTTGTCTGCAAAACGCAACAGTAAACTGCTCTTGCCCACACCTGCAAGAGAGAAAGCACT,RAP1GAP2,frameshift_variant,HIGH,p.Gly692fs,,True,True,False
Sample_1,chr17,6478062,C,CTCCTCCTTGCTCTTCCCCTTGAATCTCTTGGTCGCCAGCTCTTCCAGGGCCTTCTTGAACTCCTCATAGTTGATGACCCG,PITPNM3,frameshift_variant,HIGH,p.Ala272fs,,True,True,False
Sample_1,chr17,6637922,C,CAGGCTCCTGATCTCCTTCTCCATGAAATAGTATCTTTTGCCCATCTTTCATACCTATGAAACAT,CTC-281F24.5,frameshift_variant,HIGH,p.Glu799fs,,True,True,False
Sample_1,chr17,7313987,CCCTAGAAAGGGAGAAGGGCTTCATGATGCTGAAATGGGAGGCTGTGACCTCCAAGAAGGCCGGTTCCATCTGGTGGTTTCTTTAGTCCTCA,C,GPS2,frameshift_variant&splice_acceptor_variant&splice_donor_variant&splice_region_variant&intron_variant,HIGH,p.Ser134fs,,True,True,False
Sample_1,chr17,7327521,G,GGACTTGGCACCACCCTGCTCTGCTGGGGTCTTCTCCCAGAGAGCCCACCTTCTCCGGAGCTGCCTCTCACC,NEURL4,frameshift_variant,HIGH,p.Pro216fs,,True,True,False
Sample_1,chr17,7393177,A,AGACCC,TMEM256-PLSCR3,frameshift_variant,HIGH,p.Cys158fs,,True,True,False
Sample_1,chr17,7414814,C,CAGCGCGGGGGAGGGGCGCGCGGGGCCTGGCGGGAGTGGGGGAGG,NLGN2,frameshift_variant,HIGH,p.Val271fs,,True,True,False
Sample_1,chr17,7577617,A,AC,EIF4A1,frameshift_variant,HIGH,p.Gln274fs,,True,True,False
Sample_1,chr17,7943498,A,ACTAAAAT,CNTROB,frameshift_variant,HIGH,p.Ala474fs,,True,True,False
Sample_1,chr17,7943500,C,CCATTTCACCTGGAACTTGATGGAGGGAGAAAACTCCTTGGATGATTTTGA,CNTROB,frameshift_variant&stop_gained,HIGH,p.Ala475fs,,True,True,False
Sample_1,chr17,8189970,G,GCTTACCCAGGCGCTCGGAGCACAGCTGACAGTCGTGAACGCCCCAGGCCAAGCCGGCCCCTCGGCAGCAGACCTCC,BORCS6,frameshift_variant,HIGH,p.His57fs,,True,True,False
Sample_1,chr17,11978246,T,TGG,ZNF18,frameshift_variant,HIGH,p.His454fs,,True,True,False
Sample_1,chr17,11978248,C,CAATAAGATGGGAGCTCCAGCTGAAGGATTTTCCACATTCAGTACATTTATATGGTT,ZNF18,frameshift_variant&stop_gained,HIGH,p.His454fs,,True,True,False
Sample_1,chr17,17166816,A,ACCACGAT,MPRIP,frameshift_variant,HIGH,p.Gln1110fs,,True,True,False
Sample_1,chr17,17166818,C,CACAAGGTGATGGTGAGCTCTGCAAAGGGATCCGTCACAAGCCCAAAGAGAAT,MPRIP,frameshift_variant,HIGH,p.Leu1111fs,,True,True,False
Sample_1,chr17,17171730,C,T,MPRIP,stop_gained,HIGH,p.Arg1481*,,True,True,False
Sample_1,chr17,17175303,A,AGTACCGAGCCAAGTGCAGCATGCTATTCCACTATGACTGGATCAGCATCCCCCTCGTCTACACCCAAGTAACTGCCTCT,MPRIP,frameshift_variant,HIGH,p.Asn1622fs,,True,True,False
Sample_1,chr17,18120689,G,GCCAGGTGTACAGCCTTGTGCCTGACAGGACCGTGGCCGACCGGCAGCTGGTGAGGGGCGTCGGTGCGACCGCC,MYO15A,frameshift_variant,HIGH,p.Arg630fs,,True,True,False
Sample_1,chr17,18167662,C,CCACCGCTCCTTACGGGGACGTCCTTGACAGACAAGCACCTTCTCCACGCCCGTCCAGCTCAGTCTTCGTG,MYO15A,frameshift_variant&stop_gained,HIGH,p.Gln3341fs,,True,True,False
Sample_1,chr17,28677764,A,ATCAGTTTGGGTACTGGAAACGTTCTGGGAAAATGATTGTTGTTGAGTCTTTGTTGAAAATATGGCACAAGCAGGGTC,SUPT6H,frameshift_variant,HIGH,p.Glu316fs,,True,True,False
Sample_1,chr17,28701072,G,GATGAACTGGAACTCCAGGAGGGCTACTGTGTTTCCAATGCTGGGGATGAGTGGTTCTTTGCACCTCTTGATGA,SUPT6H,frameshift_variant,HIGH,p.Ala1647fs,,True,True,False
Sample_1,chr17,28749531,T,TGGCCAACCTGACCCAGCTGATTGGGGGGGCCCAGGAGCTACATGCCTACTCTGTGCGCCGCCTCTACAATGCC,TRAF4,frameshift_variant,HIGH,p.Phe457fs,,True,True,False
Sample_1,chr17,28959380,C,CTT,SEZ6,frameshift_variant,HIGH,p.Gly622fs,,True,True,False
Sample_1,chr17,29582039,G,GGACGATGTCGCAC,GIT1,frameshift_variant,HIGH,p.Leu171fs,,True,True,False
Sample_1,chr17,29582042,G,GAGGCCGCGCTGGCGCATGCGGCTCATGGCCACGAAGGCATCGTGGTAGTGCCGCTTGGAGT,GIT1,frameshift_variant&stop_gained,HIGH,p.Pro170fs,,True,True,False
Sample_1,chr17,30956411,A,AGAGGCAGACTCTCAACTCAGGGACATCTGATAGTCCAAGGAGAATGAACTCAGCCACAGTGGTGCAGTTTTCCT,ADAP2,frameshift_variant&stop_gained,HIGH,p.Trp358fs,,True,True,False
Sample_1,chr17,41764720,G,GGCGGCCCCGTCCCGGGAACCACTGGCACTCCTTGGCAGAGGCCAGCGCGTGGCCAGCCCCCCGGGGTTCT,JUP,frameshift_variant,HIGH,p.Thr384fs,,True,True,False
Sample_1,chr17,41847942,T,TCCTACAGAGGCGAGCTGAGGTGGGGCAATAGGAACGGGTGGTTCTGAAAGACAAACCAGAAAGCTGTCTTTCAGATGC,KLHL10,stop_gained&disruptive_inframe_insertion,HIGH,p.Phe488delinsSerTyrArgGlyGluLeuArgTrpGlyAsnArgAsnGlyTrpPheTerLysThrAsnGlnLysAlaValPheGlnMetLeu,,True,True,False
Sample_1,chr17,42564874,C,CTGCGAGAGTGGAAGGAGCCCGCCAGCTACGGGCGGCAGGATGCCACCGTCTGGATCCCAAGCCCCTCCCGGCAGCCAGT,COASY,frameshift_variant,HIGH,p.Pro434fs,,True,True,False
Sample_1,chr17,43643599,G,GAGGTGCTGGTCTCTGGGGAGCATCTGAGCAAAGCCCAGGGCGGCGTTTGTCCGAGGGGTTATGGAGACCTGGCACAA,MEOX1,frameshift_variant&stop_gained,HIGH,p.Phe178fs,,True,True,False
Sample_1,chr17,43811183,G,GTCATGGGCTATGATCACTACGTGACCATCTGCCACCCACTGCATTACAACATGCTAATGAGTCCCCGTGGCTGTGCCCAT,MPP3,frameshift_variant&stop_gained,HIGH,p.Ser451fs,,True,True,False
Sample_1,chr17,44079245,G,GCCCACCTGACAAGGCCTTCTCCACCCACGCCTTCTCCGAGAACCCACGCCCACCCCCACGCC,HDAC5,frameshift_variant,HIGH,p.Leu994fs,,True,True,False
Sample_1,chr17,47223035,C,CTATCTGAATGGAGCTCTCAAGGTATATACCAGTTCCCTCTTTAATATTTAAGGATTTCTTGATATTGTGTTTTTT,MYL4,stop_gained&disruptive_inframe_insertion,HIGH,p.Ser196_Gly197insIleTerMetGluLeuSerArgTyrIleProValProSerLeuIlePheLysAspPheLeuIleLeuCysPheLeu,,True,True,False
Sample_1,chr17,48543730,C,CATTGACCTATGGCCTGGCAACGGGGAAGGGGCCTCCACA,HOXB2,stop_gained&conservative_inframe_insertion,HIGH,p.Pro136_Glu137insCysGlyGlyProPheProValAlaArgProTerValAsn,,True,True,False
Sample_1,chr17,49827417,G,A,KAT7,stop_gained,HIGH,p.Trp584*,,True,True,False
Sample_1,chr17,50524937,A,AGCCGGATCGAGATGCTGGAGAGGGAGGTGTCGGTGCTGCGAGACCAGTGCAACGCCAACTGC,MYCBPAP,frameshift_variant,HIGH,p.Met609fs,,True,True,False
Sample_1,chr17,50549432,G,GTCCCCCGCTGTACCCCTGTCCCATCGGCCCCCAGCCCTGGCCGACCCAGCCTCATACCAGCCAGCTGTCACTGCTCC,SPATA20,frameshift_variant,HIGH,p.Gly270fs,,True,True,False
Sample_1,chr17,50989855,T,TGAGTTTGTGTGAGCAGAAGCCAGTACTTGGCATCCCTAAGAGACTCCCTTACCACAAACTCC,SPAG9,frameshift_variant&stop_gained,HIGH,p.Ser879fs,,True,True,False
Sample_1,chr17,61776426,A,AAGAATGCGGCAAGAGTTGCTTTGTTAGAACAACTGGGGACAACCCTGGATATGGGGGAACTGAGAGGTAAGGGCAGCTC,BRIP1,frameshift_variant&stop_gained,HIGH,p.Ile691fs,,True,True,False
Sample_1,chr17,62736247,C,CTTTATCAAACCCCTCACCTGCAGTTGGCCCCTCCTCGCCTGGTTCTGGAAGACAAAGTTGGATCCAGTCAGAA,MARCH10,frameshift_variant&stop_gained,HIGH,p.Val579fs,,True,True,False
Sample_1,chr17,68530322,T,TTGCTGTTGCTGCTGTAAGGGCAGGGACCCAGGATAGGG,PRKAR1A,frameshift_variant,HIGH,p.Arg342fs,,True,True,False
Sample_1,chr17,68530328,G,GCTGATAGAAAGCTTGGGAGCCTCCTACCAGTTGCC,PRKAR1A,frameshift_variant&stop_gained,HIGH,p.Gly343fs,,True,True,False
Sample_1,chr17,70132316,T,TCACAGTCCCCGATGCCTATCTGATCACAACTGGTAAGGCCCAGCTTCCTGCCGCCTCTCTGGGGTGGGCAATC,KCNJ16,frameshift_variant&stop_gained,HIGH,p.Phe116fs,,True,True,False
Sample_1,chr17,74357253,C,CCAGGTTGACGATGTAGTAGTGCGTGACTGAGTGCAGGTGTCGGTGACAGGCTACGGAGAGGATCACTAGGATGTTACCCA,BTBD17,frameshift_variant&stop_gained,HIGH,p.Ala281fs,,True,True,False
Sample_1,chr17,75218206,T,TCAACCTCTCCAGGCTGCGCCTTCGTGAAGTTCCAGACCCACGCTGAGGCCCAGGCGGCCATCAACAC,NUP85,frameshift_variant&stop_gained,HIGH,p.Leu167fs,,True,True,False
Sample_1,chr17,75489283,C,CCCTAA,TMEM94,frameshift_variant,HIGH,p.Ser273fs,,True,True,False
Sample_1,chr17,75629304,C,CTCACCCCAGCAGGGCCTGGTGCCTGTGGTCTGGTTGTAATGCTGGGGTCTCTGCAGCAGCAAGGCCTGCA,RECQL5,frameshift_variant,HIGH,p.Glu707fs,,True,True,False
Sample_1,chr17,76330587,T,TTCATCCTGCCCTGGGCCTGCCTTCTGGGTCCGTCTCAAGCACAGTGTCAGGAGGCCACCAGCCACGCCTC,PRPSAP1,frameshift_variant&stop_gained,HIGH,p.Ala182fs,,True,True,False
Sample_1,chr17,76386042,C,CATTGCCAGCCGGGCCTCCAGGCTGAATCTGTTCTTCCAGGTAACAGCCTACCCTGCCAACTTTGCTCACCT,SPHK1,frameshift_variant&stop_gained,HIGH,p.Arg110fs,,True,True,False
Sample_1,chr17,76528390,G,GAGTAACCTGCCCCAAGAACTGATCACAGAATTTTCGGCTGTTCCAGACCTGGAAAGACAAACGAAGGGAGTGAAGATGA,CYGB,frameshift_variant,HIGH,p.Trp200fs,,True,True,False
Sample_1,chr17,78419628,T,TACAGCAACGCCTCCTGTATAGATGCCCCCTGTATGCCTACCTGCTGCGCTGCCCTCCCAGGGGACAGAGGACATGTTA,PGS1,stop_gained&disruptive_inframe_insertion,HIGH,p.Val545_Lys546insGlnGlnArgLeuLeuTyrArgCysProLeuTyrAlaTyrLeuLeuArgCysProProArgGlyGlnArgThrCysTer,,True,True,False
Sample_1,chr17,78676167,G,GAGCCTAGTGTGACCACATCTGGGAGCCTTCTGACAAGATCCCCCACCCCAGCCCCTTT,CYTH1,frameshift_variant&splice_region_variant,HIGH,p.Ala374fs,,True,True,False
Sample_1,chr17,80191470,G,GC,CARD14,frameshift_variant&splice_region_variant,HIGH,p.Val413fs,,True,True,False
Sample_1,chr17,80191471,T,TTCCATGTCAGCTGGATCTCGGAGTCTGAGAGGGCCTGGGCGTGGAGGTGTCGGGG,CARD14,frameshift_variant&stop_gained&splice_region_variant,HIGH,p.Leu414fs,,True,True,False
Sample_1,chr17,80545678,G,GGGGGCACTGGGTGCTGCTTGCACAGTGGCCGCAGGGCATGCTGGGTCTCTCCCACTTATTTCCCA,RPTOR,frameshift_variant,HIGH,p.Asp17fs,,True,True,False
Sample_1,chr17,81550646,A,AGAGAGGGGAGG,FAAP100,frameshift_variant,HIGH,p.Ile283fs,,True,True,False
Sample_1,chr17,81550647,T,TTGCCCTGTGTCAGGGTTTTAAGGGAGCCTGGGGTTCCCAAGGCTTCAGTCTAGCACTATTGG,FAAP100,frameshift_variant&stop_gained,HIGH,p.Ile283fs,,True,True,False
Sample_1,chr17,81720490,G,GGTAGTATCTGCCTGCGGGGCTGGGGAGGCAGGCCAAAGGGGCTCCACATGAGAGGTCCTGCATGCC,SLC25A10,stop_gained&conservative_inframe_insertion,HIGH,p.Gln398_Pro399insValValSerAlaCysGlyAlaGlyGluAlaGlyGlnArgGlySerThrTerGluValLeuHisAla,,True,True,False
Sample_1,chr17,81957029,C,CCTCT,NOTUM,frameshift_variant,HIGH,p.Gln248fs,,True,True,False
Sample_1,chr17,81957032,A,AGGTGTCGCTGCTCTCGCTGAAGCTGGTCGATTTGGTGAACGGCTTTTCTGTCACAATCTTCAAGTTTCT,NOTUM,stop_gained&disruptive_inframe_insertion,HIGH,p.Ala246_Glu247insGluThrTerArgLeuTerGlnLysSerArgSerProAsnArgProAlaSerAlaArgAlaAlaThrPro,,True,True,False
Sample_1,chr17,82052334,G,GGCTTGATGGAGGC,GPS1,frameshift_variant,HIGH,p.Ala10fs,,True,True,False
Sample_1,chr17,82052337,T,TGGGGATGGAGATCGGCATAATACCCCCTCCCTCCTGGAGGCAGCCTTGACCCAGGAGG,GPS1,frameshift_variant&stop_gained,HIGH,p.Ser11fs,,True,True,False
Sample_1,chr17,82085841,G,GCAGCAGGTCCATGGCGTTGCCGATAAAGGCTGAGGCAATGACGTAGTTCACGAAGAAGGCGCCGTTGTCGGGCA,FASN,frameshift_variant&stop_gained,HIGH,p.Arg1255fs,,True,True,False
Sample_1,chr17,82086360,A,ACCTCCTCCGCAGTGGTCTCAGTGTG,FASN,frameshift_variant&stop_gained,HIGH,p.Leu1209fs,,True,True,False
Sample_1,chr17,82086363,T,TGCTGTCACCTGAGACTTTGCGTTTCCTGTCCACCCGGAGGG,FASN,frameshift_variant,HIGH,p.Lys1208fs,,True,True,False
Sample_1,chr13,19646984,TG,CA,MPHOSPH8,missense_variant,MODERATE,p.Met304Thr,,True,True,False
Sample_1,chr13,21172679,A,G,SKA3,missense_variant&splice_region_variant,MODERATE,p.Phe36Leu,,True,True,False
Sample_1,chr13,26214210,G,A,RNF6,missense_variant,MODERATE,p.Pro558Ser,,True,True,False
Sample_1,chr13,26401570,AG,GC,CDK8,missense_variant,MODERATE,p.Val406Leu,,True,True,False
Sample_1,chr13,37024348,C,A,SUPT20H,missense_variant,MODERATE,p.Ser475Ile,,True,True,False
Sample_1,chr13,37024350,A,C,SUPT20H,missense_variant,MODERATE,p.Asn474Lys,,True,True,False
Sample_1,chr13,44943535,GC,AA,NUFIP1,missense_variant,MODERATE,p.Ser426Ile,,True,True,False
Sample_1,chr13,44980759,T,C,NUFIP1,missense_variant,MODERATE,p.Gln186Arg,,True,True,False
Sample_1,chr13,45339579,T,A,TPT1,missense_variant,MODERATE,p.Gln106Leu,,True,True,False
Sample_1,chr13,46553699,G,GCTTCAT,LRCH1,conservative_inframe_insertion,MODERATE,p.Gln101_Ala102insLeuHis,,True,True,False
Sample_1,chr13,46553701,C,CTGACAGCCTCGTGGAGGTCCATGGCTACCTGGGACAGGCTCCGAGAGGCATTGAGATCCACAGAGA,LRCH1,disruptive_inframe_insertion&splice_region_variant,MODERATE,p.Ala102_Asp103insAspSerLeuValGluValHisGlyTyrLeuGlyGlnAlaProArgGlyIleGluIleHisArgGlu,,True,True,False
Sample_1,chr13,49691310,C,T,EBPL,missense_variant,MODERATE,p.Ala39Thr,,True,True,False
Sample_1,chr13,49691318,T,C,EBPL,missense_variant,MODERATE,p.Gln36Arg,,True,True,False
Sample_1,chr13,51387474,T,C,INTS6,missense_variant,MODERATE,p.Tyr269Cys,,True,True,False
Sample_1,chr13,52028911,G,A,UTP14C,missense_variant,MODERATE,p.Ser36Asn,,True,True,False
Sample_1,chr13,52029783,G,T,UTP14C,missense_variant,MODERATE,p.Ala327Ser,,True,True,False
Sample_1,chr13,52030081,A,G,UTP14C,missense_variant,MODERATE,p.Gln426Arg,,True,True,False
Sample_1,chr13,52112328,A,T,NEK5,missense_variant,MODERATE,p.Asp84Glu,,True,True,False
Sample_1,chr13,71866526,T,TGCCGCC,DACH1,conservative_inframe_insertion,MODERATE,p.Gly80_Gly81dup,,True,True,False
Sample_1,chr13,99552172,T,C,TM9SF2,missense_variant,MODERATE,p.Val445Ala,,True,True,False
Sample_1,chr13,100637952,A,G,TMTC4,missense_variant,MODERATE,p.Leu271Pro,,True,True,False
Sample_1,chr13,100637991,A,C,TMTC4,missense_variant,MODERATE,p.Ile258Arg,,True,True,False
Sample_1,chr13,109052365,T,G,MYO16,missense_variant,MODERATE,p.Ser980Ala,,True,True,False
Sample_1,chr13,113863702,C,CACCTCTTTCTCA,GAS6,conservative_inframe_insertion,MODERATE,p.Arg43delinsLeuArgLysArgTrp,,True,True,False
Sample_1,chr13,113968621,C,T,ABC13-47488600E17.1,missense_variant,MODERATE,p.Ala128Thr,,True,True,False
Sample_1,chr17,1800589,G,C,SMYD4,missense_variant,MODERATE,p.Leu269Val,,True,True,False
Sample_1,chr17,4006927,G,C,ZZEF1,missense_variant,MODERATE,p.Pro2950Arg,,True,True,False
Sample_1,chr17,4822780,C,A,PLD2,missense_variant,MODERATE,p.Phe906Leu,,True,True,False
Sample_1,chr17,4948304,C,T,PFN1,missense_variant,MODERATE,p.Val110Ile,,True,True,False
Sample_1,chr17,5000817,C,G,KIF1C,missense_variant,MODERATE,p.Thr51Ser,,True,True,False
Sample_1,chr17,5426281,C,CTACACGCATGAGCAGCACTTGGAGGAGGCTACCAAGCCCCACACCTTCCAGGGCACACAGTGGGACCCAAAGAAA,RPAIN,conservative_inframe_insertion,MODERATE,p.Gly157_Leu158insTyrThrHisGluGlnHisLeuGluGluAlaThrLysProHisThrPheGlnGlyThrGlnTrpAspProLysLys,,True,True,False
Sample_1,chr17,5468577,G,A,DHX33,missense_variant,MODERATE,p.Leu95Phe,,True,True,False
Sample_1,chr17,7247283,G,A,CTDNEP1,missense_variant,MODERATE,p.Arg55Trp,,True,True,False
Sample_1,chr17,7311106,A,G,EIF5A,missense_variant,MODERATE,p.Lys85Arg,,True,True,False
Sample_1,chr17,7393179,A,AAGCCGGGCCATCCCCGCCACTCGCCGGGTGGTGCTCGGCGACGGC,TMEM256-PLSCR3,conservative_inframe_insertion,MODERATE,p.His157_Cys158insAlaValAlaGluHisHisProAlaSerGlyGlyAspGlyProAla,,True,True,False
Sample_1,chr17,7403329,TG,GA,TMEM256,missense_variant,MODERATE,p.His60Ser,,True,True,False
Sample_1,chr17,7509188,C,CCAAGCTCAATTATGTGCCGTTAGAGAAACAAGAAGAAGAGAGACAGGATGGTGGACAGAATGAATCTTTTAAGAGATA,POLR2A,disruptive_inframe_insertion&splice_region_variant,MODERATE,p.Ala1237_Gly1238insLysLeuAsnTyrValProLeuGluLysGlnGluGluGluArgGlnAspGlyGlyGlnAsnGluSerPheLysArgTyr,,True,True,False
Sample_1,chr17,10465539,GT,AG,MYH4,missense_variant,MODERATE,p.Asn136Thr,,True,True,False
Sample_1,chr17,12081369,A,T,MAP2K4,missense_variant,MODERATE,p.Thr89Ser,,True,True,False
Sample_1,chr17,17171727,G,A,MPRIP,missense_variant,MODERATE,p.Glu1480Lys,,True,True,False
Sample_1,chr17,17174017,A,G,MPRIP,missense_variant,MODERATE,p.Glu1599Gly,,True,True,False
Sample_1,chr17,17174020,G,A,MPRIP,missense_variant,MODERATE,p.Arg1600Gln,,True,True,False
Sample_1,chr17,18018638,C,CCTGCAGCTCCTGCTCCAGCAGGTTCACCTTCTCCCGCAGCAGCTCCGCCTCGTTCTTCTTGCG,ATPAF2,conservative_inframe_insertion,MODERATE,p.Gln260_Glu261insArgLysLysAsnGluAlaGluLeuLeuArgGluLysValAsnLeuLeuGluGlnGluLeuGln,,True,True,False
Sample_1,chr17,18137600,G,GCCTGGAGACACTGCCGGCCTGTGTCCTGCAGATGCGAGGTCTGGGTGCGCT,MYO15A,conservative_inframe_insertion,MODERATE,p.Ser1599_Phe1600insLeuGluThrLeuProAlaCysValLeuGlnMetArgGlyLeuGlyAlaLeu,,True,True,False
Sample_1,chr17,18137603,T,TGCTGTCTCACAACTGCCTCTC,MYO15A,disruptive_inframe_insertion,MODERATE,p.Phe1600delinsLeuLeuSerHisAsnCysLeuSer,,True,True,False
Sample_1,chr17,18253332,T,TCTCAATTCTCCAGACCTGGGCATAGAAGGAGACACC,FLII,conservative_inframe_insertion,MODERATE,p.Asn327_Asn328insGlyValSerPheTyrAlaGlnValTrpArgIleGlu,,True,True,False
Sample_1,chr17,20096742,G,GCTCCTCTAGGAGCCTCCCTTGCTCTTGCTGCAAGAGCTCCTGCTTCGCCTGACCGGC,SPECC1,disruptive_inframe_insertion,MODERATE,p.Gly31delinsAlaProLeuGlyAlaSerLeuAlaLeuAlaAlaArgAlaProAlaSerProAspArgArg,,True,True,False
Sample_1,chr17,28701071,C,G,SUPT6H,missense_variant,MODERATE,p.Ser1646Trp,,True,True,False
Sample_1,chr17,29094980,CCTTCTCCCGCTGCAGCTTCTCCCGCTGCAG,C,MYO18A,conservative_inframe_deletion,MODERATE,p.Leu1479_Lys1488del,,True,True,False
Sample_1,chr17,30519971,C,CCCCCTTAACCGCTGGCTGGCCTTGGACGAAGACGATGGCAAAATCCAAAGGGAT,GOSR1,disruptive_inframe_insertion,MODERATE,p.Ser197_Gln198insProLeuThrAlaGlyTrpProTrpThrLysThrMetAlaLysSerLysGlyIle,,True,True,False
Sample_1,chr17,32487996,A,AGTACTCTTGGGGGCTCCTTCTTTACAGACCCCTTCTTTCTGGTGGAGACGCTGTGCATTGTCTGGTTCACTTTTG,CDK5R1,disruptive_inframe_insertion,MODERATE,p.Lys126delinsSerThrLeuGlyGlySerPhePheThrAspProPhePheLeuValGluThrLeuCysIleValTrpPheThrPheGlu,,True,True,False
Sample_1,chr17,35636354,G,A,AP2B1,missense_variant,MODERATE,p.Arg390His,,True,True,False
Sample_1,chr17,36514473,A,ATTTTCATTTTGCATGACCACGCGGGACTTCTCCAGCAAGAAGTTGGAGATCTTGCCCCCATCTGGCTCCCCACCTCGG,MYO19,disruptive_inframe_insertion,MODERATE,p.Ser231_Glu232insArgGlyGlyGluProAspGlyGlyLysIleSerAsnPheLeuLeuGluLysSerArgValValMetGlnAsnGluAsn,,True,True,False
Sample_1,chr17,38322543,AA,GG,MRPL45,missense_variant,MODERATE,p.Glu290Gly,,True,True,False
Sample_1,chr17,38471950,G,A,ARHGAP23,missense_variant,MODERATE,p.Asp688Asn,,True,True,False
Sample_1,chr17,38510865,G,A,ARHGAP23,missense_variant,MODERATE,p.Ala1457Thr,,True,True,False
Sample_1,chr17,38764157,G,T,PSMB3,missense_variant,MODERATE,p.Arg203Leu,,True,True,False
Sample_1,chr17,40167513,C,CTCAGTACACTTGGCGATGAAGCGAATGAAAGGCCTCACGTCGCCCTCGTTGGCAGCTTCCAACACGTGGTAGTAGTCG,CASC3,disruptive_inframe_insertion,MODERATE,p.Arg518delinsLeuSerThrLeuGlyAspGluAlaAsnGluArgProHisValAlaLeuValGlySerPheGlnHisValValValValGly,,True,True,False
Sample_1,chr17,41347171,C,G,KRT33A,missense_variant,MODERATE,p.Asp214His,,True,True,False
Sample_1,chr17,41525234,G,C,KRT19,missense_variant,MODERATE,p.Gln154Glu,,True,True,False
Sample_1,chr17,41949283,T,A,TTC25,missense_variant,MODERATE,p.Cys426Ser,,True,True,False
Sample_1,chr17,41968157,G,GAGGGCCTGCGAGTGCCCCCCAGAGCTGTGTGAGCAGGACCCACTCATAGCAAAGGCAGATGCCCAGGAGAGC,CNP,conservative_inframe_insertion,MODERATE,p.Glu31_Leu32insArgAlaCysGluCysProProGluLeuCysGluGlnAspProLeuIleAlaLysAlaAspAlaGlnGluSer,,True,True,False
Sample_1,chr17,42192321,T,TTCGTGCTCTCGCTCACCTCTGCCACAGCCTTCATGGTTTCCATTTCTGCCAGGGCGCCTGCCAGCTCAGCCCGAAGCC,GHDC,conservative_inframe_insertion,MODERATE,p.Gln270delinsArgLeuArgAlaGluLeuAlaGlyAlaLeuAlaGluMetGluThrMetLysAlaValAlaGluValSerGluSerThrLys,,True,True,False
Sample_1,chr17,42665723,G,A,TUBG2,missense_variant,MODERATE,p.Gly247Ser,4.924e-05,True,True,False
Sample_1,chr17,42665732,A,G,TUBG2,missense_variant,MODERATE,p.Asn250Asp,,True,True,False
Sample_1,chr17,42834856,A,G,PSME3,missense_variant,MODERATE,p.Ser75Gly,,True,True,False
Sample_1,chr17,44313429,G,C,RUNDC3A,missense_variant,MODERATE,p.Trp128Cys,,True,True,False
Sample_1,chr17,44678948,C,CTCCAATGTT,CCDC43,conservative_inframe_insertion,MODERATE,p.Gln197_Asp198insAsnIleGly,,True,True,False
Sample_1,chr17,44678950,T,TCATTTTCTCCTGCACCAACATCGTGGGTGTCTGCACCCACTATCCGGCTGAGGTCTCCCAGAGACA,CCDC43,conservative_inframe_insertion,MODERATE,p.Gln197delinsLeuSerLeuGlyAspLeuSerArgIleValGlyAlaAspThrHisAspValGlyAlaGlyGluAsnGlu,,True,True,False
Sample_1,chr17,44769776,T,C,ADAM11,missense_variant,MODERATE,p.Leu99Pro,,True,True,False
Sample_1,chr17,47181594,G,C,CDC27,missense_variant,MODERATE,p.Ala24Gly,,True,True,False
Sample_1,chr17,47824222,T,G,MRPL10,missense_variant,MODERATE,p.Thr267Pro,,True,True,False
Sample_1,chr17,47824225,C,CAGG,MRPL10,conservative_inframe_insertion,MODERATE,p.Pro265dup,,True,True,False
Sample_1,chr17,47971374,G,A,CDK5RAP3,missense_variant,MODERATE,p.Val32Met,,True,True,False
Sample_1,chr17,47976749,A,G,CDK5RAP3,missense_variant,MODERATE,p.Glu304Gly,,True,True,False
Sample_1,chr17,47976760,T,G,CDK5RAP3,missense_variant,MODERATE,p.Ser308Ala,,True,True,False
Sample_1,chr17,47980635,G,A,CDK5RAP3,missense_variant,MODERATE,p.Glu399Lys,,True,True,False
Sample_1,chr17,47980678,C,T,CDK5RAP3,missense_variant,MODERATE,p.Ala413Val,,True,True,False
Sample_1,chr17,49038337,C,A,IGF2BP1,missense_variant,MODERATE,p.Gln191Lys,,True,True,False
Sample_1,chr17,49821362,C,T,KAT7,missense_variant,MODERATE,p.Pro394Leu,,True,True,False
Sample_1,chr17,49826755,A,G,KAT7,missense_variant,MODERATE,p.Met564Val,,True,True,False
Sample_1,chr17,49973265,C,T,DLX4,missense_variant,MODERATE,p.Thr159Ile,,True,True,False
Sample_1,chr17,50661038,G,C,ABCC3,missense_variant,MODERATE,p.Gly308Arg,,True,True,False
Sample_1,chr17,50989854,C,CCAAGGA,SPAG9,conservative_inframe_insertion,MODERATE,p.Ser879delinsIleLeuGly,,True,True,False
Sample_1,chr17,58196964,A,G,EPX,missense_variant,MODERATE,p.Lys276Arg,7.385e-05,True,True,False
Sample_1,chr17,58347208,AC,GT,SUPT4H1,missense_variant,MODERATE,p.Val89Thr,,True,True,False
Sample_1,chr17,62413783,T,C,EFCAB3,missense_variant,MODERATE,p.Phe359Leu,,True,True,False
Sample_1,chr17,62424310,G,A,METTL2A,missense_variant&splice_region_variant,MODERATE,p.Val68Ile,,True,True,False
Sample_1,chr17,62426466,CC,TG,METTL2A,missense_variant,MODERATE,p.Pro124Cys,,True,True,False
Sample_1,chr17,62560080,G,A,TLK2,missense_variant,MODERATE,p.Arg262Gln,,True,True,False
Sample_1,chr17,64897126,CTT,AAG,LRRC37A3,missense_variant,MODERATE,p.Lys44Leu,,True,True,False
Sample_1,chr17,67719725,A,G,NOL11,missense_variant,MODERATE,p.Ile65Val,,True,True,False
Sample_1,chr17,75763032,G,A,GALK1,missense_variant,MODERATE,p.Ala198Val,0.0005663,True,True,False
Sample_1,chr17,76688427,T,TGCAGGAACC,MXRA7,conservative_inframe_insertion,MODERATE,p.Lys74delinsArgPheLeuGln,,True,True,False
Sample_1,chr17,76688428,T,TCTTCGGCCCGGTGGACCACGAAGAGTTAACCCGGGACTTGGAGAAGCACTGCAGAGACATGGAAGA,MXRA7,conservative_inframe_insertion,MODERATE,p.Ala73_Lys74insSerSerMetSerLeuGlnCysPheSerLysSerArgValAsnSerSerTrpSerThrGlyProLys,,True,True,False
Sample_1,chr17,77193504,AG,CA,SEC14L1,missense_variant,MODERATE,p.Val144Met,,True,True,False
Sample_1,chr17,78139235,G,GCCGAGTTCCGGGCACCACAGGTGATGACTTACGTCCGGGAGAAGATCTTAAATGCGGACCTGGAGAAGAGCATCAGGA,TMC8,disruptive_inframe_insertion,MODERATE,p.Val633delinsAlaGluPheArgAlaProGlnValMetThrTyrValArgGluLysIleLeuAsnAlaAspLeuGluLysSerIleArgMet,,True,True,False
Sample_1,chr17,79097338,T,C,RBFOX3,missense_variant,MODERATE,p.Thr236Ala,,True,True,False
Sample_1,chr17,81443473,CT,TG,BAHCC1,missense_variant,MODERATE,p.Leu709Val,,True,True,False
Sample_2,chr17,7676045,AC,A,TP53,frameshift_variant,HIGH,p.Gly69fs,,True,True,True
Sample_2,chr13,20807482,A,AGTCACACAGGCTCATTTTT,XPO4,frameshift_variant&stop_gained,HIGH,p.Tyr598fs,,True,True,False
Sample_2,chr13,26219629,T,TTCTGGCCTTGCCCATGTCAGGGTAATGCTGTTGCCTGTTATGTTGCTAGGTTCTGGAATGCCAGGGGCATCAGGAA,RNF6,frameshift_variant&stop_gained,HIGH,p.Arg7fs,,True,True,False
Sample_2,chr13,28319454,G,C,FLT1,stop_gained,HIGH,p.Tyr1085*,,True,True,False
Sample_2,chr13,35665088,A,AAGCTCCTGCAGTCGCTGAAGTAAGGACAGCAGATCGTGAGGAAAAAGGGCGCCGAGGTTGGGGGCATGTCTCTCTT,NBEA,frameshift_variant,HIGH,p.Asp2769fs,,True,True,False
Sample_2,chr13,46650268,T,TGGCTCATTAGAAGTTGCTATTGACAAGGTATCTGGAAGACTGTGCTGTTCTCTCTCATGGTTCCTCAATTGACTCTAAA,LRCH1,frameshift_variant&stop_gained,HIGH,p.Asn126fs,,True,True,False
Sample_2,chr13,49220757,C,CAACCATGCCTATTTCTACAGCCACTACGTGGACAAGCGATTGGCGGGCCTCACGCTCTTTGCAGTCTA,MLNR,frameshift_variant,HIGH,p.Cys141fs,,True,True,False
Sample_2,chr13,66885997,T,TTAGCCCACAAAACAAACCGCCTGCAGCTCCTGTTATAAATGAGTATGCCGATGCCCAGCTACACAACCTGGTGAAA,PCDH9-AS2,splice_acceptor_variant&intron_variant,HIGH,,,True,True,False
Sample_2,chr13,79371154,T,TC,RBM26,frameshift_variant,HIGH,p.Asp142fs,,True,True,False
Sample_2,chr13,79371156,A,AGGTCTCTTCAGAGCTGCTGTGCCCAGTGGTGCTTCAACTGGTATCTATGAGGCCCTAGAGCTC,RBM26,stop_gained&disruptive_inframe_insertion,HIGH,p.Arg141_Asp142insSerSerArgAlaSerTerIleProValGluAlaProLeuGlyThrAlaAlaLeuLysArgPro,,True,True,False
Sample_2,chr13,102749420,A,ACTGAAGAGGCGTCTGAGGGTGGGCTTCTGTACGATGGGTGGGTGCTTGGTTAACATGGCTAGATGTCTGGCTTTTGCC,CCDC168,stop_gained&conservative_inframe_insertion,HIGH,p.Leu426delinsTrpGlnLysProAspIleTerProCysTerProSerThrHisProSerTyrArgSerProProSerAspAlaSerSerVal,,True,True,False
Sample_2,chr13,106567701,C,CCGAAGCCCCGAGCTGAAGAGAAGGGTGGGGGCATGAGGGCGCTGGAGTGAGGAACAGATTGGAGCCTTCCCACT,ARGLU1,frameshift_variant,HIGH,p.Arg74fs,,True,True,False
Sample_2,chr13,110173977,G,GATGAGCTGCTCTGTTGTCTGCGTCATCGAGATCATCGAGGTCTTCTTCATTGACTTCTTCTCTATCATT,COL4A1,stop_gained&conservative_inframe_insertion,HIGH,p.Pro1143delinsGlnTerTerArgArgSerGlnTerArgArgProArgTerSerArgTerArgArgGlnGlnSerSerSerSer,,True,True,False
Sample_2,chr13,113149017,A,AGCATCATGCATTACGCTCGGAACACATTCTCCAGGTGGGAGACGGGATTGGGGCTGGGCCTCTGC,F10,frameshift_variant,HIGH,p.Ile323fs,,True,True,False
Sample_2,chr13,113171705,A,ACGGAGGCCGTTCAGGCTTCGGTTTCCGCCCTCGCGGCTTCGGGAGAGGCTTCTCCGCTACAGGAAGAGGAGGAGGGG,PROZ,frameshift_variant,HIGH,p.Glu290fs,,True,True,False
Sample_2,chr13,113633988,GA,AG,TFDP1,stop_gained,HIGH,p.TrpIle191*,,True,True,False
Sample_2,chr17,1684494,C,CACTCACTGGCTCTTCACACTGTGACTCGGAGTTGTCACTAAACACAGCCCCTCATGCCAATGAGGATGCCAGTGTTTTCGT,PRPF8,stop_gained&disruptive_inframe_insertion,HIGH,p.Ser26_Glu27insArgLysHisTrpHisProHisTrpHisGluGlyLeuCysLeuValThrThrProSerHisSerValLysSerGlnTerVal,,True,True,False
Sample_2,chr17,3026435,G,GACTCACCTGAGAAAGTGTTGTCTGCAAAACGCAACAGTAAACTGCTCTTGCCCACACCTGCAAGAGAGAAAGCACT,RAP1GAP2,frameshift_variant,HIGH,p.Gly692fs,,True,True,False
Sample_2,chr17,3610771,T,TGTGGGCTCTAGGCTCGGATCAGGTAAGCCCCTCCATCCAAACTCCACATCACTGCCCCCCAGCCTCCATCATGACATTCA,SHPK,frameshift_variant&stop_gained,HIGH,p.Asn409fs,,True,True,False
Sample_2,chr17,4183527,A,AGCCCAGCT,ANKFY1,frameshift_variant,HIGH,p.Leu650fs,,True,True,False
Sample_2,chr17,4887698,C,CCCAGGAAGTTGAAGCCAATGTCCATGTTCCACAAGTAGTTCTGAGGATTCAGGGCTTAAACGTAGAGGCTGCTG,MINK1,frameshift_variant&stop_gained,HIGH,p.Gln380fs,,True,True,False
Sample_2,chr17,4894302,G,GGATGCATCAGGCCCAAGGGCTACCAATGACTTGGTTCTGCGCCGGGCGCGGCACC,MINK1,frameshift_variant,HIGH,p.Ser934fs,,True,True,False
Sample_2,chr17,5381467,G,GGGCCTTTTGGGGAGCTGCAGACTGTCTCGGCCATTTCCATGGCCGCGGCCACCTCCACAGCTCTAGCCACTGCCCA,RABEP1,frameshift_variant,HIGH,p.Val817fs,,True,True,False
Sample_2,chr17,5583918,CCAAGTAACAGGCCAGGCGGCCCCAGGCTCCGCCAGCCATCT,C,NLRP1,start_lost&conservative_inframe_deletion,HIGH,p.Met1_Leu13del,,True,True,False
Sample_2,chr17,6483595,G,GCTGGTCGCCGGGCGCTAAACGCCCCCCCTCCCGAGACCCCGCTTGTTGGGTGGCTCTGAATGTCCCCCGGAGGCCCA,PITPNM3,frameshift_variant,HIGH,p.Pro170fs,,True,True,False
Sample_2,chr17,7290005,G,A,YBX2,stop_gained,HIGH,p.Arg271*,,True,True,False
Sample_2,chr17,7313987,CCCTAGAAAGGGAGAAGGGCTTCATGATGCTGAAATGGGAGGCTGTGACCTCCAAGAAGGCCGGTTCCATCTGGTGGTTTCTTTAGTCCTCA,C,GPS2,frameshift_variant&splice_acceptor_variant&splice_donor_variant&splice_region_variant&intron_variant,HIGH,p.Ser134fs,,True,True,False
Sample_2,chr17,7446866,G,GGAAGTGGGCGTGAGGGGTCCTGGGGGGAGGCAAGTAGGTGGCTTGAGTTTATTTGGGAGACTTC,CHRNB1,frameshift_variant,HIGH,p.Ala93fs,,True,True,False
Sample_2,chr17,7577617,A,AC,EIF4A1,frameshift_variant,HIGH,p.Gln274fs,,True,True,False
Sample_2,chr17,7833101,G,GAAGGTGCTGACTGGGATATAGAAAAAGGATGTCTTATCAAGAGCAAACCC,DNAH2,frameshift_variant,HIGH,p.Gly4340fs,,True,True,False
Sample_2,chr17,8143804,T,TTGATGTCA,PER1,frameshift_variant,HIGH,p.His845fs,,True,True,False
Sample_2,chr17,8143806,G,GGAGGATGTGGACTTCATGGAATCCCAGTCGGAACTTGCTCAGCAGAGAAATGATCCTGGAGGACACA,PER1,frameshift_variant,HIGH,p.His845fs,,True,True,False
Sample_2,chr17,8232926,A,AAATACTGGAAGGGCAACTGGCAGAGCTTCTGCAGCACTGT,CTC1,frameshift_variant,HIGH,p.Leu642fs,,True,True,False
Sample_2,chr17,10362422,G,GCTGGCTGTGGGGAGCCGCTCAAGGTCGGAGCCTCCGTTGTGAATACAAAATGCGGGATACAACTCCTGAA,MYH13,frameshift_variant,HIGH,p.His96fs,,True,True,False
Sample_2,chr17,17577001,C,CACCCGCCTGTGGATCTCCAGCACGTCGCTGATGGTGACGG,PEMT,frameshift_variant,HIGH,p.Leu42fs,,True,True,False
Sample_2,chr17,17577006,G,GATGCGCGAAACCAGAGTCGTGTTGATGTACTTCAT,PEMT,frameshift_variant,HIGH,p.Arg40fs,,True,True,False
Sample_2,chr17,18018649,T,TTCTCACAG,ATPAF2,frameshift_variant,HIGH,p.Tyr257fs,,True,True,False
Sample_2,chr17,19313247,C,CCCCCGAGG,EPN2,frameshift_variant,HIGH,p.Ala373fs,,True,True,False
Sample_2,chr17,19313248,T,TCCCGGCGCCCACCGGCTGCCAGATGAGGCTGTAGTAGACG,EPN2,frameshift_variant,HIGH,p.Ala373fs,,True,True,False
Sample_2,chr17,19738329,C,CAGGACTGCAGAAGTGGTTGTAATACTGGGACACATAGGTCATGATGCTGAGGCAGTCA,ALDH3A1,frameshift_variant,HIGH,p.Ala448fs,,True,True,False
Sample_2,chr17,20096742,G,GCTCCTCTAGGAGCCTCCCTTGCTCTTGCTGCAAGAGCTCCTGCTTCGCCTGACCGGCGTCATACATCACCTGCAGGGCCT,SPECC1,frameshift_variant,HIGH,p.Gly31fs,,True,True,False
Sample_2,chr17,28593024,T,A,SPAG5,stop_gained,HIGH,p.Lys74*,,True,True,False
Sample_2,chr17,28883140,T,TGAGGCTGAAGTTGAGACTATAG,FLOT2,frameshift_variant,HIGH,p.Gln160fs,,True,True,False
Sample_2,chr17,32659147,A,AAGCGCCTCCTGCCTGCTGAGCACTGCATCACCAAGAGTGAGTGGCTCCTGCCCCTCAGCTGCCAGGCAGCCATCCCCATT,MYO1D,frameshift_variant,HIGH,p.Phe772fs,,True,True,False
Sample_2,chr17,39108148,G,GAGACTTCTTCTTCCTTAAAATAAAAATAGTTAAGAAATTATGATATAGTGTGTATTTTAAA,PLXDC1,frameshift_variant,HIGH,p.Ser190fs,,True,True,False
Sample_2,chr17,40866897,A,AG,KRT12,frameshift_variant,HIGH,p.Leu97fs,,True,True,False
Sample_2,chr17,40866900,C,CTTGCTGGCCCTTGCAGAGGCACTGATACCTGTTTCACTGCCACTGTCCGGGTCTCAGGATCTGCGACCAG,KRT12,frameshift_variant&stop_gained,HIGH,p.Gly96fs,,True,True,False
Sample_2,chr17,41819340,G,GTGCACGCACCGAGCAGCGAGGACACCACCACCAGGGAGCCCTTGCTGTCCGTCAGGCTGGGCAGCGCCCGC,FKBP10,frameshift_variant,HIGH,p.Asp287fs,,True,True,False
Sample_2,chr17,42784122,C,CACAGCCTTATGCACACACACTGCTGTGGGCCAGGGGTGGCCAGTCAGGTTTTTTTAAAAATCCGTTCACAGAAG,WNK4,frameshift_variant,HIGH,p.Leu327fs,,True,True,False
Sample_2,chr17,43643599,G,GAGGT,MEOX1,frameshift_variant,HIGH,p.Phe178fs,,True,True,False
Sample_2,chr17,43643601,C,CTGGTCTCTGGGGAGCATCTGAGCAAAGCCCAGGGCGGCGTTTGTCCGAGGGGTTATGGAGA,MEOX1,frameshift_variant&stop_gained,HIGH,p.Ala177fs,,True,True,False
Sample_2,chr17,47847370,CGGCCTTGCCCTCT,C,SP6,frameshift_variant,HIGH,p.Glu350fs,,True,True,False
Sample_2,chr17,49827417,G,A,KAT7,stop_gained,HIGH,p.Trp584*,,True,True,False
Sample_2,chr17,50192528,C,CAAACTCACCATGGAGACCCTAGACAAAACATGAGAATAAAGCATGAAATCTGTGTGTGATCTCTAAATTCA,COL1A1,splice_acceptor_variant&intron_variant,HIGH,,,True,True,False
Sample_2,chr17,50549433,G,GCTGTACCCCTGTCCCATCGGCCCCCAGCCCTGGCCGACCCAGCCTCATACCAGCCAGCTGTCACT,SPATA20,frameshift_variant,HIGH,p.Gly270fs,,True,True,False
Sample_2,chr17,50578303,C,CATGGGAGTTCTGGCCCTGAGCAAAGAGGAGCAGGAGAGGAGCCTGGAGGCAGGTCCCAGGCACGCGGGGTCTGTAAA,CACNA1G,frameshift_variant,HIGH,p.Ala681fs,,True,True,False
Sample_2,chr17,50624414,T,TCCGGGGGGCCTGGCCAAGGTGCAGGAGGCCTGGGCCACCCTGCAGGCGAAGGCCCAGGAGCGAGGCCAGTGGC,CACNA1G,frameshift_variant,HIGH,p.Pro2096fs,,True,True,False
Sample_2,chr17,50626257,A,AGGAGCCACCTGCCTCCGTGGGACCCAAGCCAACACTGGCAGCCTCTGGCCTGAGCCTGGCCCTG,CACNA1G,frameshift_variant&stop_gained,HIGH,p.Ser2214fs,,True,True,False
Sample_2,chr17,50626261,T,TCTG,CACNA1G,stop_gained&disruptive_inframe_insertion,HIGH,p.Leu2215delinsPheTer,,True,True,False
Sample_2,chr17,58347585,C,CCATCAAAGGAGGAGCTGGTGCAGCCATATAGCATCTCTCAGTTACCCTTCATCTG,SUPT4H1,splice_acceptor_variant&intron_variant,HIGH,,,True,True,False
Sample_2,chr17,58495883,T,TGTTGAACA,MTMR4,frameshift_variant,HIGH,p.Glu753fs,,True,True,False
Sample_2,chr17,58495885,C,CATTAACCAGATCATGGATGAGTGCATCCCCCAGGACCGCGCCCCCAGAGATTTCTGCGTCAAGTTCCCTG,MTMR4,frameshift_variant&stop_gained,HIGH,p.Glu753fs,,True,True,False
Sample_2,chr17,59353423,C,CTCTT,YPEL2,frameshift_variant,HIGH,p.Arg6fs,,True,True,False
Sample_2,chr17,59353425,A,AGCACATGGTGGGGCTTAGAAATCTTCTCCCATTATTTCTTTACCTAG,YPEL2,frameshift_variant&stop_gained,HIGH,p.Arg6fs,,True,True,False
Sample_2,chr17,60067515,A,AGAAAGTTTGGGGCCCAGTTTAAGGTGAGAGAAGAGTGAGCTGGGATATTAGCAGGGTAAAGGGGTTGGGAGTGGTTCGT,HEATR6,frameshift_variant&stop_gained,HIGH,p.Phe386fs,,True,True,False
Sample_2,chr17,61405287,C,CT,TBX2,frameshift_variant,HIGH,p.Pro380fs,,True,True,False
Sample_2,chr17,66884548,A,ACCACAGCACTGCCCTGTTGAGGGTACCTTGGCTGTGGAGTGAGTCTTCTTCCTGGGGACTGACAGCCAAGGTAGGT,CACNG5,frameshift_variant&stop_gained,HIGH,p.Ile153fs,,True,True,False
Sample_2,chr17,69153394,GCACAGCTGCAATGCAAGGAACAGCCCGTCGGCACCCAGCCATGGGTGCACAGGGAAACCCCGAGCCTGGCC,G,ABCA10,frameshift_variant&splice_acceptor_variant&splice_region_variant&intron_variant,HIGH,p.Phe1350fs,,True,True,False
Sample_2,chr17,74281899,A,AGAAGGGTGACGAGGTGAGTCCTCAGGCACCCATTGTTCAGTCAGGACCCCTGGGGAGTACTGGGCAGG,DNAI2,frameshift_variant&stop_gained,HIGH,p.Asn85fs,,True,True,False
Sample_2,chr17,75218206,T,TCAACCTCTCCAGGCTGCGCCTTCGTGAAGTTCCAGACCCACGCTGAGGCCCAGGCGGCCATCAACAC,NUP85,frameshift_variant&stop_gained,HIGH,p.Leu167fs,,True,True,False
Sample_2,chr17,76528390,G,GAGTAACCTGCCCCAAGAACTGATCACAGAATTTTCGGCTGTTCCAGACCTGGAAAGACAAACGAAGGGAGTGAAGATGA,CYGB,frameshift_variant,HIGH,p.Trp200fs,,True,True,False
Sample_2,chr17,76688180,C,CCTCGCCTCCACCGCCTGCTCCTCCGCCTCCGCTGGCGCCGCCGCGGG,MXRA7,frameshift_variant,HIGH,p.Leu156fs,,True,True,False
Sample_2,chr17,76882243,G,T,MGAT5B,stop_gained,HIGH,p.Glu103*,,True,True,False
Sample_2,chr17,78971661,G,GGAGGACTGAACAGAGCCTGGAGCCACCTCCCCAGCTTTCCCCACCCTGCAGTGTCCCACTC,LGALS3BP,frameshift_variant&stop_gained,HIGH,p.Ser558fs,,True,True,False
Sample_2,chr17,79784089,G,GTCCCAGATGATACATATCTTGTCACGGCCGGAGCTGAAGGAGCAACGGCAACCTCAGGTCAAGTCTTAGCCTCAGCC,CBX2,frameshift_variant,HIGH,p.Ala216fs,,True,True,False
Sample_2,chr17,80112590,G,GAAATAGGGAAAACTGCTGCCTTCCGGAATAGCTTTGGATTAAATTAGAGATCTCGTGATGACGCGTTGTTTTCT,GAA,frameshift_variant&stop_gained,HIGH,p.Ala590fs,,True,True,False
Sample_2,chr17,81957029,C,CCTCTTCAGGTGTCGCTGCTCTCGCTGAAGCTGGTCGATTTGGTGAACGGCTTTTCTGTCACAATCTTCAAGTT,NOTUM,frameshift_variant&stop_gained,HIGH,p.Gln248fs,,True,True,False
Sample_2,chr17,82028015,C,CCCCATGGAGGAGAGTGAGAACTTGCGGCTGCGGCAGGACGGGGGTCTGCACTCACTGCACATTGCCCATGTGGGCAGCG,LRRC45,frameshift_variant&stop_gained,HIGH,p.Gln306fs,,True,True,False
Sample_2,chr17,82052334,G,GGCTTGATGGAGGC,GPS1,frameshift_variant,HIGH,p.Ala10fs,,True,True,False
Sample_2,chr17,82052337,T,TGGGGATGGAGATCGGCATAATACCCCCTCCCTCCTGGAGGCAGCCTTGACCCAGGAGG,GPS1,frameshift_variant&stop_gained,HIGH,p.Ser11fs,,True,True,False
Sample_2,chr17,82080888,C,CCCCAACCCACGAGGTGCTGGTGACAGGCACTGGTGGCATCCAGTGGTGGCCAGTAGAGGAGGAGGTGAACAAGGAGG,FASN,frameshift_variant,HIGH,p.Ala2211fs,,True,True,False
Sample_2,chr17,82085841,G,GCAGCAGGTCCATGGCGTTGCCGATAAAGGCTGAGGCAATGACGTAGTTCACGAAGAAGGCGCCGTTGTCGGGCA,FASN,frameshift_variant&stop_gained,HIGH,p.Arg1255fs,,True,True,False
Sample_2,chr13,19492893,T,C,TPTE2,missense_variant,MODERATE,p.Ser26Gly,,True,True,False
Sample_2,chr13,19646984,TG,CA,MPHOSPH8,missense_variant,MODERATE,p.Met304Thr,,True,True,False
Sample_2,chr13,27435863,T,C,MTIF3,missense_variant,MODERATE,p.Met217Val,,True,True,False
Sample_2,chr13,28319462,A,G,FLT1,missense_variant,MODERATE,p.Trp1083Arg,,True,True,False
Sample_2,chr13,35109314,G,C,NBEA,missense_variant,MODERATE,p.Ala569Pro,,True,True,False
Sample_2,chr13,37025361,A,G,SUPT20H,missense_variant,MODERATE,p.Ser430Pro,,True,True,False
Sample_2,chr13,44943535,GC,AA,NUFIP1,missense_variant,MODERATE,p.Ser426Ile,,True,True,False
Sample_2,chr13,47943420,GT,TC,SUCLA2,missense_variant,MODERATE,p.Thr448Asp,,True,True,False
Sample_2,chr13,49691310,C,T,EBPL,missense_variant,MODERATE,p.Ala39Thr,,True,True,False
Sample_2,chr13,49691318,T,C,EBPL,missense_variant,MODERATE,p.Gln36Arg,,True,True,False
Sample_2,chr13,51376080,CT,TG,INTS6,missense_variant,MODERATE,p.Ser566His,,True,True,False
Sample_2,chr13,51387474,T,C,INTS6,missense_variant,MODERATE,p.Tyr269Cys,,True,True,False
Sample_2,chr13,51387492,C,T,INTS6,missense_variant,MODERATE,p.Ser263Asn,2.462e-05,True,True,False
Sample_2,chr13,52030081,A,G,UTP14C,missense_variant,MODERATE,p.Gln426Arg,,True,True,False
Sample_2,chr13,52112328,A,T,NEK5,missense_variant,MODERATE,p.Asp84Glu,,True,True,False
Sample_2,chr13,71866526,T,TGCCGCC,DACH1,conservative_inframe_insertion,MODERATE,p.Gly80_Gly81dup,,True,True,False
Sample_2,chr13,98863439,ACGGACC,A,DOCK9,disruptive_inframe_deletion,MODERATE,p.Glu1130_Arg1132delinsAsp,,True,True,False
Sample_2,chr13,98863446,TCCC,T,DOCK9,disruptive_inframe_deletion,MODERATE,p.Arg1129_Glu1130delinsGln,,True,True,False
Sample_2,chr13,99971347,G,T,ZIC5,missense_variant,MODERATE,p.Ala110Glu,0.007788,True,True,False
Sample_2,chr13,113364041,G,T,GRTP1,missense_variant,MODERATE,p.Ala4Asp,0.0007649,True,True,False
Sample_2,chr17,746040,T,TTGGGGTTCCCTCGCAGAAAGTCGGCCACATGTCGGGCACAGTCGTAGCAGGGGCTCCAGGAGGTGAACCAGGTGA,GEMIN4,conservative_inframe_insertion,MODERATE,p.Asp668delinsValThrTrpPheThrSerTrpSerProCysTyrAspCysAlaArgHisValAlaAspPheLeuArgGlyAsnProAsn,,True,True,False
Sample_2,chr17,1354273,G,T,YWHAE,missense_variant,MODERATE,p.Thr218Lys,,True,True,False
Sample_2,chr17,2371373,C,CGTTCCTCTCGGTTAGGGTCTTGTTCTTCTTCAACAACGACTGGCCGATGCGAGCGGCCAATTCTAAATCCCGCTCTTT,SGSM2,disruptive_inframe_insertion,MODERATE,p.Ser512_Pro513insPheLeuSerValArgValLeuPhePhePheAsnAsnAspTrpProMetArgAlaAlaAsnSerLysSerArgSerPhe,,True,True,False
Sample_2,chr17,2680270,A,G,PAFAH1B1,missense_variant,MODERATE,p.Lys370Arg,,True,True,False
Sample_2,chr17,2680273,G,A,PAFAH1B1,missense_variant,MODERATE,p.Arg371Gln,,True,True,False
Sample_2,chr17,4893554,G,A,MINK1,missense_variant,MODERATE,p.Glu841Lys,,True,True,False
Sample_2,chr17,4948278,CG,GA,PFN1,missense_variant,MODERATE,p.Thr118Ile,,True,True,False
Sample_2,chr17,5000817,C,G,KIF1C,missense_variant,MODERATE,p.Thr51Ser,,True,True,False
Sample_2,chr17,7247283,G,A,CTDNEP1,missense_variant,MODERATE,p.Arg55Trp,,True,True,False
Sample_2,chr17,7311106,A,G,EIF5A,missense_variant,MODERATE,p.Lys85Arg,,True,True,False
Sample_2,chr17,10345360,C,G,MYH13,missense_variant,MODERATE,p.Glu476Gln,,True,True,False
Sample_2,chr17,12081369,A,T,MAP2K4,missense_variant,MODERATE,p.Thr89Ser,,True,True,False
Sample_2,chr17,17174017,A,G,MPRIP,missense_variant,MODERATE,p.Glu1599Gly,,True,True,False
Sample_2,chr17,17174020,G,A,MPRIP,missense_variant,MODERATE,p.Arg1600Gln,,True,True,False
Sample_2,chr17,17180062,C,T,MPRIP,missense_variant,MODERATE,p.Arg1762Trp,2.462e-05,True,True,False
Sample_2,chr17,18018638,C,CCTGCAGCTCCTGCTCCAGCAGGTTCACCTTCTCCCGCAGCAGCTCCGCCTCGTTCTTCTTGCG,ATPAF2,conservative_inframe_insertion,MODERATE,p.Gln260_Glu261insArgLysLysAsnGluAlaGluLeuLeuArgGluLysValAsnLeuLeuGluGlnGluLeuGln,,True,True,False
Sample_2,chr17,35717268,G,T,AP2B1,missense_variant,MODERATE,p.Met900Ile,,True,True,False
Sample_2,chr17,36437933,C,G,TBC1D3F,missense_variant,MODERATE,p.Asp17His,,True,True,False
Sample_2,chr17,38322543,AA,GG,MRPL45,missense_variant,MODERATE,p.Glu290Gly,,True,True,False
Sample_2,chr17,38471950,G,A,ARHGAP23,missense_variant,MODERATE,p.Asp688Asn,,True,True,False
Sample_2,chr17,38764157,G,T,PSMB3,missense_variant,MODERATE,p.Arg203Leu,,True,True,False
Sample_2,chr17,40167513,C,CTCAGTACACTTGGCGATGAAGCGAATGAAAGGCCTCACGTCGCCCTCGTTGGCAGCTTCCAACACGTGGTAGTAGTCG,CASC3,disruptive_inframe_insertion,MODERATE,p.Arg518delinsLeuSerThrLeuGlyAspGluAlaAsnGluArgProHisValAlaLeuValGlySerPheGlnHisValValValValGly,,True,True,False
Sample_2,chr17,40356196,C,CCCCCATCCTTGCCTCAGTTTCAACCCCAGCTTCTGTCACCATTCTTGCCTCAGCCTCAATTCCCATTCTTGCTTCAGCCCT,RARA,conservative_inframe_insertion,MODERATE,p.Asn469_Arg470insProHisProCysLeuSerPheAsnProSerPheCysHisHisSerCysLeuSerLeuAsnSerHisSerCysPheSerPro,,True,True,False
Sample_2,chr17,41502414,T,TCTCCACGTCCAGGGCCAGCTTCAGGCTCACGAG,KRT13,conservative_inframe_insertion,MODERATE,p.Glu401_Ile402insLeuValSerLeuLysLeuAlaLeuAspValGlu,,True,True,False
Sample_2,chr17,41996389,CA,TG,DNAJC7,missense_variant,MODERATE,p.Leu109Pro,,True,True,False
Sample_2,chr17,42991528,G,A,RUNDC1,missense_variant,MODERATE,p.Val552Met,,True,True,False
Sample_2,chr17,43016463,C,CCGCTCCAGCTCGCCCTGCAAGGAACCCAGGGACGCAGTGAAGGCCGGGCAGCGACCTGGGCTGCCG,VAT1,disruptive_inframe_insertion,MODERATE,p.Leu314_Gln315insGlySerProGlyArgCysProAlaPheThrAlaSerLeuGlySerLeuGlnGlyGluLeuGluArg,,True,True,False
Sample_2,chr17,43028625,G,T,RND2,missense_variant,MODERATE,p.Arg210Leu,,True,True,False
Sample_2,chr17,43190748,C,T,NBR1,missense_variant,MODERATE,p.Arg279Cys,,True,True,False
Sample_2,chr17,47847348,CCGGGGGGCTCCACTG,C,SP6,disruptive_inframe_deletion,MODERATE,p.Ala356_Pro360del,,True,True,False
Sample_2,chr17,47976749,A,G,CDK5RAP3,missense_variant,MODERATE,p.Glu304Gly,,True,True,False
Sample_2,chr17,47976760,T,G,CDK5RAP3,missense_variant,MODERATE,p.Ser308Ala,,True,True,False
Sample_2,chr17,47980635,G,A,CDK5RAP3,missense_variant,MODERATE,p.Glu399Lys,,True,True,False
Sample_2,chr17,47980678,C,T,CDK5RAP3,missense_variant,MODERATE,p.Ala413Val,,True,True,False
Sample_2,chr17,47981199,G,C,CDK5RAP3,missense_variant,MODERATE,p.Lys465Asn,,True,True,False
Sample_2,chr17,48943957,C,T,SNF8,missense_variant,MODERATE,p.Gly25Arg,,True,True,False
Sample_2,chr17,48943959,C,T,SNF8,missense_variant,MODERATE,p.Arg24Gln,,True,True,False
Sample_2,chr17,49166243,G,A,B4GALNT2,missense_variant,MODERATE,p.Glu422Lys,,True,True,False
Sample_2,chr17,49817992,C,T,KAT7,missense_variant,MODERATE,p.Thr379Met,0.0004677,True,True,False
Sample_2,chr17,49821362,C,T,KAT7,missense_variant,MODERATE,p.Pro394Leu,,True,True,False
Sample_2,chr17,50170245,C,CCCAGAGCCACCACCACCTCCCCCTCCACCCCCTCCACCCCCACTTCCGGCAGCGCCGCCTCAGCCGGCGTCCACACCA,SGCA,disruptive_inframe_insertion,MODERATE,p.Arg284delinsProArgAlaThrThrThrSerProSerThrProSerThrProThrSerGlySerAlaAlaSerAlaGlyValHisThrSer,,True,True,False
Sample_2,chr17,50549432,G,GTCCCCC,SPATA20,conservative_inframe_insertion,MODERATE,p.Glu269_Gly270insSerPro,,True,True,False
Sample_2,chr17,53823974,G,GCACTGGCTTTGACATGGCAACGTCGGAGGAGGAGCAGGGCATCATCCCGAGGGCCATCGCACACCTCTT,KIF2B,disruptive_inframe_insertion,MODERATE,p.Gly314_Gly315insThrGlyPheAspMetAlaThrSerGluGluGluGlnGlyIleIleProArgAlaIleAlaHisLeuPhe,,True,True,False
Sample_2,chr17,62424310,G,A,METTL2A,missense_variant&splice_region_variant,MODERATE,p.Val68Ile,,True,True,False
Sample_2,chr17,62426466,CC,TG,METTL2A,missense_variant,MODERATE,p.Pro124Cys,,True,True,False
Sample_2,chr17,62560080,G,A,TLK2,missense_variant,MODERATE,p.Arg262Gln,,True,True,False
Sample_2,chr17,63545084,G,C,KCNH6,missense_variant,MODERATE,p.Glu837Asp,,True,True,False
Sample_2,chr17,67719725,A,G,NOL11,missense_variant,MODERATE,p.Ile65Val,,True,True,False
Sample_2,chr17,67719906,G,A,NOL11,missense_variant&splice_region_variant,MODERATE,p.Val86Ile,,True,True,False
Sample_2,chr17,67735994,T,A,NOL11,missense_variant,MODERATE,p.Leu342His,,True,True,False
Sample_2,chr17,69182743,A,G,ABCA10,missense_variant,MODERATE,p.Phe855Leu,,True,True,False
Sample_2,chr17,73401047,A,ATGAAGTCACCAGGCCAGTGCCCAC,SDK2,conservative_inframe_insertion,MODERATE,p.Ala981_Ser982insValGlyThrGlyLeuValThrSer,,True,True,False
Sample_2,chr17,73431511,C,T,SDK2,missense_variant,MODERATE,p.Val491Ile,,True,True,False
Sample_2,chr17,74281897,T,TGGG,DNAI2,conservative_inframe_insertion,MODERATE,p.Leu84_Asn85insGly,,True,True,False
Sample_2,chr17,74355228,T,TCCGCAAGGCCCAGGACTTTGTCTACCACCTGCACTGCTTTGCTTGCATCATCTGCAACCGGCAGCTGGCCACGGG,KIF19,conservative_inframe_insertion,MODERATE,p.Gly971_Gly972insProGlnGlyProGlyLeuCysLeuProProAlaLeuLeuCysLeuHisHisLeuGlnProAlaAlaGlyHisGly,,True,True,False
Sample_2,chr17,74531322,A,AACCCCT,CD300LB,conservative_inframe_insertion,MODERATE,p.Leu10delinsGlnGlyPhe,,True,True,False
Sample_2,chr17,74531324,A,ACAGCGTTTGCATCCTCTATGCCCGTATCTCCCACGCCCGCTGCTGGCCTTGCCGATTTCTTCCTGC,CD300LB,disruptive_inframe_insertion,MODERATE,p.Leu9_Leu10insGlnGluGluIleGlyLysAlaSerSerGlyArgGlyArgTyrGlyHisArgGlyCysLysArgCys,,True,True,False
Sample_2,chr17,74612736,G,T,CD300E,missense_variant,MODERATE,p.Leu179Ile,,True,True,False
Sample_2,chr17,75218211,G,C,NUP85,missense_variant,MODERATE,p.Asp168His,,True,True,False
Sample_2,chr17,75756552,A,G,ITGB4,missense_variant,MODERATE,p.Glu1611Gly,2.462e-05,True,True,False
Sample_2,chr17,76469762,T,TTCCAGGTGGGCACAAGGTCACAGCAGCAGAGTCCGCTCGTGGGGTTGACTTGGACAGACCAAG,AANAT,disruptive_inframe_insertion,MODERATE,p.Leu184_Leu185insProGlyGlyHisLysValThrAlaAlaGluSerAlaArgGlyValAspLeuAspArgProArg,,True,True,False
Sample_2,chr17,76685112,T,C,MXRA7,missense_variant,MODERATE,p.Lys197Glu,,True,True,False
Sample_2,chr17,76688427,T,TGCAGGAACCTCTTCGGCCCGG,MXRA7,conservative_inframe_insertion,MODERATE,p.Lys74delinsThrGlyProLysArgPheLeuGln,,True,True,False
Sample_2,chr17,78140894,C,CTCGTCCCCCTGGGTCCTCATGACGCCCTGCTCAGCCATGTGCTGGAGCTGCAGCCCCATGGGGTGGCCTTCCAGCAGG,TMC8,disruptive_inframe_insertion,MODERATE,p.Pro655delinsLeuValProLeuGlyProHisAspAlaLeuLeuSerHisValLeuGluLeuGlnProHisGlyValAlaPheGlnGlnAla,,True,True,False
Sample_2,chr17,78676167,G,GAGCCTAGTGTGACCACATCTGGGAGCCTTCTGACAAGATCCCCCACCCCAGCCCCTTTCTCCCCATTCAACC,CYTH1,conservative_inframe_insertion&splice_region_variant,MODERATE,p.Ala374delinsGlyLeuAsnGlyGluLysGlyAlaGlyValGlyAspLeuValArgArgLeuProAspValValThrLeuGlySer,,True,True,False
Sample_2,chr17,81443473,CT,TG,BAHCC1,missense_variant,MODERATE,p.Leu709Val,,True,True,False
Sample_2,chr17,82253118,T,C,CSNK1D,missense_variant,MODERATE,p.Lys155Glu,,True,True,False
Sample_3,chr13,27095797,T,TG,USP12,frameshift_variant,HIGH,p.His126fs,,True,True,False
Sample_3,chr13,49220754,C,CGTGGTGA,MLNR,frameshift_variant,HIGH,p.Ile140fs,,True,True,False
Sample_3,chr13,51367898,T,TTTCTCCCTGGCTTTCAGATCTCTTTCATTATTTGTGGTTTTAGTTCGATATTGAC,INTS6,splice_acceptor_variant&intron_variant,HIGH,,,True,True,False
Sample_3,chr13,106493335,A,AAGATGAATATGAGTCTCGCTCATGGCGAAGATGAAATCTGATGCTAGCTGTATAATTTTTAGGAATATTGT,EFNB2,frameshift_variant,HIGH,p.Ile236fs,,True,True,False
Sample_3,chr13,113633988,GA,AG,TFDP1,stop_gained,HIGH,p.TrpIle191*,,True,True,False
Sample_3,chr17,1936626,T,TGGGAGTCCAGGTCAATATTGGCACCATCCTCCTCTTGGTCATTAGGATCAACATCCAGGAGCTGGGAAGGAAAAAA,RTN4RL1,frameshift_variant&stop_gained,HIGH,p.Lys399fs,,True,True,False
Sample_3,chr17,4887698,C,CCCAGGAAGTTGAAGCCAATGTCCATGTTCCACAAGTAGTTCTGAGGATTCAGGGCTTAAACGTAGAGGCTGCTG,MINK1,frameshift_variant&stop_gained,HIGH,p.Gln380fs,,True,True,False
Sample_3,chr17,7313987,CCCTAGAAAGGGAGAAGGGCTTCATGATGCTGAAATGGGAGGCTGTGACCTCCAAGAAGGCCGGTTCCATCTGGTGGTTTCTTTAGTCCTCA,C,GPS2,frameshift_variant&splice_acceptor_variant&splice_donor_variant&splice_region_variant&intron_variant,HIGH,p.Ser134fs,,True,True,False
Sample_3,chr17,7577617,A,AC,EIF4A1,frameshift_variant,HIGH,p.Gln274fs,,True,True,False
Sample_3,chr17,7766393,T,TCCGACTTCGGGGCATGGATCTGGAGGAGACCTCGGTGCTGACCCAGGCCCTG,DNAH2,frameshift_variant,HIGH,p.Met1196fs,,True,True,False
Sample_3,chr17,12752650,C,CTTCTATTTCTGCAGCCAAGGCATCAAGATCAATGTCATCCTTGGTGCTTAAATGAAAACAAA,MYOCD,frameshift_variant&stop_gained,HIGH,p.Ser455fs,,True,True,False
Sample_3,chr17,28739139,C,CAGCCTGGACACTGGCCTTGCTGCTCACCGTGCCCTCCGCCATCTACCGCCGG,NEK8,frameshift_variant,HIGH,p.Ser453fs,,True,True,False
Sample_3,chr17,38543909,C,CCACCCCAG,SRCIN1,frameshift_variant,HIGH,p.Ala1145fs,,True,True,False
Sample_3,chr17,38543911,T,TCCTTTACCGGGCTTGCAGCTCCAGGGTGCGCTGCTTCCCGGACACCAGGAAGGAGTGGGGAAAC,SRCIN1,frameshift_variant,HIGH,p.Lys1144fs,,True,True,False
Sample_3,chr17,38820963,C,CACTCGGTCCATCTGGGCATAGTCAGAAACCACTATTTGATTATCCATCTGTTCAGAAAAAGAACATCATAATTTGCAT,CWC25,stop_gained&disruptive_inframe_insertion,HIGH,p.Glu43_Leu44insCysLysLeuTerCysSerPheSerGluGlnMetAspAsnGlnIleValValSerAspTyrAlaGlnMetAspArgVal,,True,True,False
Sample_3,chr17,39743230,C,CAGAAGCTGGTGTCTGCTGTCGCCATTGCCCTGGCCCATAAGTACCACTGAGTTCTCTTCCAGTTTGCAGGTGTTCCTGTGA,GRB7,stop_gained&disruptive_inframe_insertion,HIGH,p.Pro195delinsGlnLysLeuValSerAlaValAlaIleAlaLeuAlaHisLysTyrHisTerValLeuPheGlnPheAlaGlyValProValThr,,True,True,False
Sample_3,chr17,40093928,C,CATACAACTTTTAGAAGCACATTTTGCTTTATAAAATCAGCTTATTCTTGAACTTAGCATACAAACATTT,NR1D1,stop_gained&disruptive_inframe_insertion,HIGH,p.Val543_Val544insAsnValCysMetLeuSerSerArgIleSerTerPheTyrLysAlaLysCysAlaSerLysSerCysMet,,True,True,False
Sample_3,chr17,42295740,A,AGCCG,STAT5A,frameshift_variant,HIGH,p.Gln167fs,,True,True,False
Sample_3,chr17,42295743,A,AAAACTATACTGTGTGAAATATCTCTTTGTCTCCGAAAAAAGAAATTTCTTCTTTGTTGACTGCTT,STAT5A,frameshift_variant&stop_gained,HIGH,p.Thr168fs,,True,True,False
Sample_3,chr17,42698838,A,AGTGGGCAAGACCAAAGTGTGGCGGGGAGTGGGGTGGGAGTCAGGGGAATAGATGTG,CNTNAP1,frameshift_variant&stop_gained,HIGH,p.Thr1362fs,,True,True,False
Sample_3,chr17,49827417,G,A,KAT7,stop_gained,HIGH,p.Trp584*,,True,True,False
Sample_3,chr17,50626383,C,CACTTGTACACCTTCACAGGACACCGGGATGCAGTGTCGGTGAGGAGCTGGGTCTATGTCAGTGGATCTTTA,CACNA1G,frameshift_variant,HIGH,p.Arg2256fs,,True,True,False
Sample_3,chr17,58312519,C,CTGTCCCTATGACCACACGCTGACCACTGACCACAGCCAGTCAGCCCCTGTTCCCTCCTTTATTTTGT,TSPOAP1,frameshift_variant&stop_gained,HIGH,p.Glu768fs,,True,True,False
Sample_3,chr17,65056457,T,TCGCGGGCCAGCAGCGCGTCGATGTCGCGGCTACGCCTCCGGGCCTCGCGCTCCGCG,GNA13,frameshift_variant,HIGH,p.Lys46fs,,True,True,False
Sample_3,chr17,82085839,G,GCGCAGCAGGTCCATGGCGTTGCCGATAAAGGCTGAGGCAATGACGTAGTTCACGAAGAAGGCGCCGTTGT,FASN,frameshift_variant,HIGH,p.Ile1256fs,,True,True,False
Sample_3,chr13,19633855,AA,GG,MPHOSPH8,missense_variant,MODERATE,p.Glu36Gly,,True,True,False
Sample_3,chr13,24905696,G,A,CENPJ,missense_variant,MODERATE,p.Ser781Leu,,True,True,False
Sample_3,chr13,27095801,C,G,USP12,missense_variant,MODERATE,p.Ala125Pro,,True,True,False
Sample_3,chr13,37025361,A,G,SUPT20H,missense_variant,MODERATE,p.Ser430Pro,,True,True,False
Sample_3,chr13,44943612,G,A,NUFIP1,missense_variant,MODERATE,p.Pro401Ser,,True,True,False
Sample_3,chr13,49220756,T,G,MLNR,missense_variant,MODERATE,p.Ile140Ser,,True,True,False
Sample_3,chr13,49702473,C,CACATCTTTAGATTTGGCTTCTATGCTGAGACTATGGATCTGTTCAGTGAGCAGGTTGTCATGGGCAGTTTGGCTT,KPNA3,disruptive_inframe_insertion,MODERATE,p.Glu460_Lys461insSerGlnThrAlaHisAspAsnLeuLeuThrGluGlnIleHisSerLeuSerIleGluAlaLysSerLysAspVal,,True,True,False
Sample_3,chr13,51376080,CT,TG,INTS6,missense_variant,MODERATE,p.Ser566His,,True,True,False
Sample_3,chr13,52112328,A,T,NEK5,missense_variant,MODERATE,p.Asp84Glu,,True,True,False
Sample_3,chr13,52846010,G,GCTC,PCDH8,disruptive_inframe_insertion,MODERATE,p.Ala809_Arg810insSer,,True,True,False
Sample_3,chr13,52846014,G,C,PCDH8,missense_variant,MODERATE,p.Ala808Gly,,True,True,False
Sample_3,chr13,100637952,A,G,TMTC4,missense_variant,MODERATE,p.Leu271Pro,,True,True,False
Sample_3,chr13,100637991,A,C,TMTC4,missense_variant,MODERATE,p.Ile258Arg,,True,True,False
Sample_3,chr13,110719589,A,G,ING1,missense_variant,MODERATE,p.His309Arg,,True,True,False
Sample_3,chr17,4948278,CG,GA,PFN1,missense_variant,MODERATE,p.Thr118Ile,,True,True,False
Sample_3,chr17,5000817,C,G,KIF1C,missense_variant,MODERATE,p.Thr51Ser,,True,True,False
Sample_3,chr17,7224877,G,C,ACADVL,missense_variant,MODERATE,p.Cys630Ser,,True,True,False
Sample_3,chr17,7241375,TG,CA,GABARAP,missense_variant,MODERATE,p.Pro85Leu,,True,True,False
Sample_3,chr17,7241436,C,T,GABARAP,missense_variant,MODERATE,p.Arg65Gln,,True,True,False
Sample_3,chr17,7311106,A,G,EIF5A,missense_variant,MODERATE,p.Lys85Arg,,True,True,False
Sample_3,chr17,7323715,C,T,NEURL4,missense_variant,MODERATE,p.Arg757Gln,,True,True,False
Sample_3,chr17,17174017,A,G,MPRIP,missense_variant,MODERATE,p.Glu1599Gly,,True,True,False
Sample_3,chr17,17174020,G,A,MPRIP,missense_variant,MODERATE,p.Arg1600Gln,,True,True,False
Sample_3,chr17,17180062,C,T,MPRIP,missense_variant,MODERATE,p.Arg1762Trp,2.462e-05,True,True,False
Sample_3,chr17,35605795,G,C,AP2B1,missense_variant,MODERATE,p.Lys78Asn,,True,True,False
Sample_3,chr17,38322543,AA,GG,MRPL45,missense_variant,MODERATE,p.Glu290Gly,,True,True,False
Sample_3,chr17,38471950,G,A,ARHGAP23,missense_variant,MODERATE,p.Asp688Asn,,True,True,False
Sample_3,chr17,40488687,G,A,TNS4,missense_variant,MODERATE,p.Ser241Leu,,True,True,False
Sample_3,chr17,41226971,G,A,KRTAP9-2,missense_variant,MODERATE,p.Gly106Asp,0.0003939,True,True,False
Sample_3,chr17,41421424,G,A,KRT37,missense_variant,MODERATE,p.Ala395Val,,True,True,False
Sample_3,chr17,41938563,T,TGTATGTCCTATGGCTGTTCTTCGTGGTGATGGCCTGGAATTGGAACTGTTGGCTGATTCCCGTGCGCTGGGCCTTCCC,TTC25,disruptive_inframe_insertion,MODERATE,p.Ile211delinsMetTyrValLeuTrpLeuPhePheValValMetAlaTrpAsnTrpAsnCysTrpLeuIleProValArgTrpAlaPhePro,,True,True,False
Sample_3,chr17,44854976,G,A,EFTUD2,missense_variant,MODERATE,p.Leu692Phe,,True,True,False
Sample_3,chr17,47181594,G,C,CDC27,missense_variant,MODERATE,p.Ala24Gly,,True,True,False
Sample_3,chr17,47976749,A,G,CDK5RAP3,missense_variant,MODERATE,p.Glu304Gly,,True,True,False
Sample_3,chr17,47980635,G,A,CDK5RAP3,missense_variant,MODERATE,p.Glu399Lys,,True,True,False
Sample_3,chr17,47980678,C,T,CDK5RAP3,missense_variant,MODERATE,p.Ala413Val,,True,True,False
Sample_3,chr17,48894433,T,A,ATP5G1,missense_variant,MODERATE,p.Val34Glu,,True,True,False
Sample_3,chr17,49821362,C,T,KAT7,missense_variant,MODERATE,p.Pro394Leu,,True,True,False
Sample_3,chr17,49821391,A,G,KAT7,missense_variant,MODERATE,p.Ile404Val,9.847e-05,True,True,False
Sample_3,chr17,62424310,G,A,METTL2A,missense_variant&splice_region_variant,MODERATE,p.Val68Ile,,True,True,False
Sample_3,chr17,65056451,A,AGGCGCCGGACCGCGC,GNA13,conservative_inframe_insertion,MODERATE,p.Arg47_Leu48insArgAlaValArgArg,,True,True,False
Sample_3,chr17,67719725,A,G,NOL11,missense_variant,MODERATE,p.Ile65Val,,True,True,False
Sample_3,chr17,68983730,G,GCATCCCCGTGAACCACCTCATAGAGGGCTCCCAGAAGTGTGTGGCTGAGCTGGGTCCCCAGGCCGTGGGGGCCGTGAA,ABCA9,conservative_inframe_insertion,MODERATE,p.Pro1540delinsLeuHisGlyProHisGlyLeuGlyThrGlnLeuSerHisThrLeuLeuGlyAlaLeuTyrGluValValHisGlyAspAla,,True,True,False
Sample_3,chr17,76276688,C,T,QRICH2,missense_variant,MODERATE,p.Arg1782Gln,,True,True,False
Sample_3,chr17,76402090,C,T,UBE2O,missense_variant,MODERATE,p.Asp242Asn,,True,True,False
Sample_3,chr17,81443473,CT,TG,BAHCC1,missense_variant,MODERATE,p.Leu709Val,,True,True,False
Sample_3,chr17,81824380,T,C,MCRIP1,missense_variant,MODERATE,p.Asn33Asp,,True,True,False
Sample_3,chr17,82085844,A,C,FASN,missense_variant,MODERATE,p.Ser1254Ala,,True,True,False
